{
    "Receptions Block": {
        "1": null,
        "2": 0.4463968276977539,
        "3": 0.4484138488769531,
        "4": 0.9205667972564697
    },
    "Receptions Echo": {
        "block 1": {
            "1": null,
            "2": 0.8452754020690918,
            "3": 0.8540735244750977,
            "4": 1.339613437652588
        },
        "block 2": {
            "1": null,
            "2": 0.42362451553344727,
            "3": 0.8780314922332764,
            "4": 1.3551745414733887
        },
        "block 3": {
            "1": null,
            "2": 0.8668341636657715,
            "3": 0.43961024284362793,
            "4": 1.356215476989746
        },
        "block 4": {
            "1": null,
            "2": 1.3322744369506836,
            "3": 1.3345615863800049,
            "4": 0.91900634765625
        }
    },
    "Receptions Ready": {
        "qc sender 1": {
            "1": null,
            "2": 1.2758474349975586,
            "3": 1.2636535167694092,
            "4": 1.771777868270874
        },
        "qc sender 2": {
            "1": null,
            "2": 1.3020646572113037,
            "3": 1.30540132522583,
            "4": 1.7941713333129883
        },
        "qc sender 3": {
            "1": null,
            "2": 1.2866525650024414,
            "3": 1.2966032028198242,
            "4": 1.7884461879730225
        },
        "qc sender 4": {
            "1": null,
            "2": 1.7363677024841309,
            "3": 1.7426350116729736,
            "4": null
        }
    },
    "Receptions Elect": {
        "1": null,
        "2": 2.197141408920288,
        "3": 2.206483840942383,
        "4": 2.2135696411132812
    },
    "Receptions Leader": {
        "1": null,
        "2": null,
        "3": null,
        "4": null,
        "id leader": 0
    },
    "Commit": "Pas de block commit"
}