{
    "Receptions Block": {
        "1": 0.42701244354248047,
        "2": 0.44516825675964355,
        "3": null,
        "4": 0.9261734485626221
    },
    "Receptions Echo": {
        "block 1": {
            "1": 0.43961024284362793,
            "2": 0.8507711887359619,
            "3": null,
            "4": 1.3424654006958008
        },
        "block 2": {
            "1": 0.8833339214324951,
            "2": 0.4416522979736328,
            "3": null,
            "4": 1.3595328330993652
        },
        "block 3": {
            "1": 0.8780314922332764,
            "2": 0.8668341636657715,
            "3": null,
            "4": 1.360694169998169
        },
        "block 4": {
            "1": 1.3308300971984863,
            "2": 1.3368141651153564,
            "3": null,
            "4": 0.9261734485626221
        }
    },
    "Receptions Ready": {
        "qc sender 1": {
            "1": 1.2733042240142822,
            "2": 1.2795190811157227,
            "3": null,
            "4": 1.7764413356781006
        },
        "qc sender 2": {
            "1": 1.3070907592773438,
            "2": 1.303576946258545,
            "3": null,
            "4": 1.7970030307769775
        },
        "qc sender 3": {
            "1": 1.2881736755371094,
            "2": 1.298431634902954,
            "3": null,
            "4": 1.7904305458068848
        },
        "qc sender 4": {
            "1": 1.7454853057861328,
            "2": 1.7426350116729736,
            "3": null,
            "4": null
        }
    },
    "Receptions Elect": {
        "1": 2.206483840942383,
        "2": 2.1991891860961914,
        "3": null,
        "4": 2.2135696411132812
    },
    "Receptions Leader": {
        "1": null,
        "2": null,
        "3": null,
        "4": null,
        "id leader": 0
    },
    "Commit": "Pas de block commit"
}