{
    "Receptions Block": {
        "1": 0.4337153434753418,
        "2": 0.150313138961792,
        "3": 0.43088555335998535,
        "4": null
    },
    "Receptions Echo": {
        "block 1": {
            "1": null,
            "2": 0.5852468013763428,
            "3": 0.8539559841156006,
            "4": null
        },
        "block 2": {
            "1": 0.5627350807189941,
            "2": null,
            "3": 0.5702393054962158,
            "4": null
        },
        "block 3": {
            "1": 0.8577361106872559,
            "2": 0.5852468013763428,
            "3": null,
            "4": null
        },
        "block 4": {
            "1": 0.8637564182281494,
            "2": 0.5852468013763428,
            "3": 0.8658864498138428,
            "4": null
        }
    },
    "Receptions Ready": {
        "qc sender 1": {
            "1": 1.2561964988708496,
            "2": 1.0122666358947754,
            "3": 1.2832667827606201,
            "4": null
        },
        "qc sender 2": {
            "1": 0.9800658226013184,
            "2": 0.715498685836792,
            "3": 1.0013625621795654,
            "4": null
        },
        "qc sender 3": {
            "1": 1.2700872421264648,
            "2": 1.005908727645874,
            "3": 1.266000747680664,
            "4": null
        },
        "qc sender 4": {
            "1": 1.2740957736968994,
            "2": 1.0105047225952148,
            "3": 1.2740957736968994,
            "4": null
        }
    },
    "Receptions Elect": {
        "1": 1.694711446762085,
        "2": 1.4219098091125488,
        "3": 1.6895623207092285,
        "4": null
    },
    "Receptions Leader": {
        "1": 2.1067593097686768,
        "2": 1.8345208168029785,
        "3": 2.111966609954834,
        "4": null,
        "id leader": 2
    },
    "Commit": "Block du node : 2"
}