{
    "Receptions Block": {
        "1": 0.431476354598999,
        "2": null,
        "3": 0.44416213035583496,
        "4": 0.9231901168823242
    },
    "Receptions Echo": {
        "block 1": {
            "1": 0.42851734161376953,
            "2": null,
            "3": 0.8591959476470947,
            "4": 1.3411486148834229
        },
        "block 2": {
            "1": 0.8656716346740723,
            "2": null,
            "3": 0.879711389541626,
            "4": 1.356215476989746
        },
        "block 3": {
            "1": 0.8668341636657715,
            "2": null,
            "3": 0.44110536575317383,
            "4": 1.3595328330993652
        },
        "block 4": {
            "1": 1.3276252746582031,
            "2": null,
            "3": 1.337916612625122,
            "4": 0.9261734485626221
        }
    },
    "Receptions Ready": {
        "qc sender 1": {
            "1": 1.2699971199035645,
            "2": null,
            "3": 1.264662265777588,
            "4": 1.7739055156707764
        },
        "qc sender 2": {
            "1": 1.298431634902954,
            "2": null,
            "3": 1.3070907592773438,
            "4": 1.7953991889953613
        },
        "qc sender 3": {
            "1": 1.285125494003296,
            "2": null,
            "3": 1.3020646572113037,
            "4": 1.7884461879730225
        },
        "qc sender 4": {
            "1": 1.7454853057861328,
            "2": null,
            "3": 1.750657558441162,
            "4": null
        }
    },
    "Receptions Elect": {
        "1": 2.2033145427703857,
        "2": null,
        "3": 2.206483840942383,
        "4": 2.2135696411132812
    },
    "Receptions Leader": {
        "1": null,
        "2": null,
        "3": null,
        "4": null,
        "id leader": 0
    },
    "Commit": "Pas de block commit"
}