{
    "Receptions Block1": {
        "1": 0.021106481552124023,
        "2": 0.034117937088012695,
        "3": 0.04342508316040039,
        "4": null
    },
    "Receptions Vote1": {
        "block 1": {
            "1": null,
            "2": 0.024351835250854492,
            "3": 0.030171871185302734,
            "4": null
        },
        "block 2": {
            "1": 0.03530621528625488,
            "2": null,
            "3": 0.036809444427490234,
            "4": null
        },
        "block 3": {
            "1": 0.046907663345336914,
            "2": 0.056620121002197266,
            "3": null,
            "4": null
        },
        "block 4": {
            "1": 0.062249183654785156,
            "2": 0.0656428337097168,
            "3": 0.0719003677368164,
            "4": null
        }
    },
    "Receptions Block2": {
        "1": 0.06454920768737793,
        "2": 0.0719003677368164,
        "3": 0.07532334327697754,
        "4": null,
        "qc1": {
            "4": [
                4,
                1,
                2,
                3
            ],
            "1": [
                4,
                2,
                3
            ],
            "2": [
                4,
                1,
                3
            ],
            "3": [
                4,
                1,
                2
            ]
        }
    },
    "Receptions Vote2": {
        "qc sender 1": {
            "1": null,
            "2": 0.056620121002197266,
            "3": 0.05041360855102539,
            "4": null
        },
        "qc sender 2": {
            "1": 0.058704376220703125,
            "2": null,
            "3": 0.06860971450805664,
            "4": null
        },
        "qc sender 3": {
            "1": 0.0798499584197998,
            "2": 0.08808779716491699,
            "3": null,
            "4": null
        },
        "qc sender 4": {
            "1": 0.10365939140319824,
            "2": 0.10129714012145996,
            "3": 0.10480761528015137,
            "4": null
        }
    },
    "Receptions Elect": {
        "1": 0.10593414306640625,
        "2": 0.10706758499145508,
        "3": 0.10706758499145508,
        "4": null
    },
    "Receptions Leader": {
        "1": 0.1158902645111084,
        "2": 0.11204981803894043,
        "3": 0.1158902645111084,
        "4": null,
        "id leader": 2
    },
    "Commit": "Block1 du node : 2"
}