{
    "Receptions Block": {
        "1": 0.4228179454803467,
        "2": 0.4291820526123047,
        "3": 0.4291820526123047,
        "4": null
    },
    "Receptions Echo": {
        "block 1": {
            "1": 0.42799854278564453,
            "2": 0.8306326866149902,
            "3": 0.8306326866149902,
            "4": null
        },
        "block 2": {
            "1": 0.8306326866149902,
            "2": 0.4291820526123047,
            "3": 0.8306326866149902,
            "4": null
        },
        "block 3": {
            "1": 0.8306326866149902,
            "2": 0.8306326866149902,
            "3": 0.4291820526123047,
            "4": null
        },
        "block 4": {
            "1": 1.233597993850708,
            "2": 1.233597993850708,
            "3": 1.2392232418060303,
            "4": null
        }
    },
    "Receptions Ready": {
        "qc sender 1": {
            "1": 1.25380539894104,
            "2": 1.2445011138916016,
            "3": 1.2434959411621094,
            "4": null
        },
        "qc sender 2": {
            "1": 1.25380539894104,
            "2": 1.25380539894104,
            "3": 1.2445011138916016,
            "4": null
        },
        "qc sender 3": {
            "1": 1.25380539894104,
            "2": 1.2445011138916016,
            "3": 1.25380539894104,
            "4": null
        },
        "qc sender 4": {
            "1": 1.6393907070159912,
            "2": 1.6360235214233398,
            "3": 1.6360235214233398,
            "4": null
        }
    },
    "Receptions Elect": {
        "1": 2.0509140491485596,
        "2": 2.0509140491485596,
        "3": 2.0509140491485596,
        "4": null
    },
    "Receptions Leader": {
        "1": null,
        "2": null,
        "3": null,
        "4": null,
        "id leader": 0
    },
    "Commit": "Block du node : 4"
}