{
    "Receptions Block1": {
        "1": null,
        "2": 0.023115873336791992,
        "3": 0.03530621528625488,
        "4": 0.04938793182373047
    },
    "Receptions Vote1": {
        "block 1": {
            "1": null,
            "2": 0.021106481552124023,
            "3": 0.026329517364501953,
            "4": 0.029063701629638672
        },
        "block 2": {
            "1": null,
            "2": null,
            "3": 0.030171871185302734,
            "4": 0.039803504943847656
        },
        "block 3": {
            "1": null,
            "2": 0.05989241600036621,
            "3": null,
            "4": 0.06328368186950684
        },
        "block 4": {
            "1": null,
            "2": 0.06454920768737793,
            "3": 0.06860971450805664,
            "4": null
        }
    },
    "Receptions Block2": {
        "1": null,
        "2": 0.07042360305786133,
        "3": 0.07311010360717773,
        "4": 0.07875180244445801,
        "qc1": {
            "1": [
                1,
                2,
                3,
                4
            ],
            "2": [
                1,
                3,
                4
            ],
            "3": [
                1,
                2,
                4
            ],
            "4": [
                1,
                2,
                3
            ]
        }
    },
    "Receptions Vote2": {
        "qc sender 1": {
            "1": null,
            "2": 0.05354428291320801,
            "3": 0.04818272590637207,
            "4": 0.056620121002197266
        },
        "qc sender 2": {
            "1": null,
            "2": null,
            "3": 0.0656428337097168,
            "4": 0.06710529327392578
        },
        "qc sender 3": {
            "1": null,
            "2": 0.0809183120727539,
            "3": null,
            "4": 0.08461427688598633
        },
        "qc sender 4": {
            "1": null,
            "2": 0.09368228912353516,
            "3": 0.10129714012145996,
            "4": null
        }
    },
    "Receptions Elect": {
        "1": null,
        "2": 0.10706758499145508,
        "3": 0.10365939140319824,
        "4": 0.10480761528015137
    },
    "Receptions Leader": {
        "1": null,
        "2": 0.10959410667419434,
        "3": 0.11204981803894043,
        "4": 0.11102914810180664,
        "id leader": 2
    },
    "Commit": "Block1 du node : 2"
}