{
    "Receptions Block": {
        "1": 0.41957998275756836,
        "2": null,
        "3": 0.4228179454803467,
        "4": 0.820389986038208
    },
    "Receptions Echo": {
        "block 1": {
            "1": 0.41957998275756836,
            "2": null,
            "3": 0.8306326866149902,
            "4": 1.233597993850708
        },
        "block 2": {
            "1": 0.8296115398406982,
            "2": null,
            "3": 0.8306326866149902,
            "4": 1.2434959411621094
        },
        "block 3": {
            "1": 0.8306326866149902,
            "2": null,
            "3": 0.4291820526123047,
            "4": 1.2382125854492188
        },
        "block 4": {
            "1": 1.227457046508789,
            "2": null,
            "3": 1.2414674758911133,
            "4": 0.8265256881713867
        }
    },
    "Receptions Ready": {
        "qc sender 1": {
            "1": 1.2445011138916016,
            "2": null,
            "3": 1.2445011138916016,
            "4": 1.6410481929779053
        },
        "qc sender 2": {
            "1": 1.2445011138916016,
            "2": null,
            "3": 1.2445011138916016,
            "4": 1.6434295177459717
        },
        "qc sender 3": {
            "1": 1.2445011138916016,
            "2": null,
            "3": 1.2445011138916016,
            "4": 1.6434295177459717
        },
        "qc sender 4": {
            "1": 1.6360235214233398,
            "2": null,
            "3": 1.6360235214233398,
            "4": 2.0402894020080566
        }
    },
    "Receptions Elect": {
        "1": 2.047149658203125,
        "2": null,
        "3": 2.047149658203125,
        "4": 2.056711435317993
    },
    "Receptions Leader": {
        "1": null,
        "2": null,
        "3": null,
        "4": null,
        "id leader": 0
    },
    "Commit": "Block du node : 4"
}