{
    "Receptions Block": {
        "1": 0.4229903221130371,
        "2": 0.150313138961792,
        "3": null,
        "4": 0.43604421615600586
    },
    "Receptions Echo": {
        "block 1": {
            "1": null,
            "2": 0.5702393054962158,
            "3": null,
            "4": 0.8658864498138428
        },
        "block 2": {
            "1": 0.559959888458252,
            "2": null,
            "3": null,
            "4": 0.5702393054962158
        },
        "block 3": {
            "1": 0.8489186763763428,
            "2": 0.5852468013763428,
            "3": null,
            "4": 0.860304594039917
        },
        "block 4": {
            "1": 0.8577361106872559,
            "2": 0.5852468013763428,
            "3": null,
            "4": null
        }
    },
    "Receptions Ready": {
        "qc sender 1": {
            "1": 1.2536430358886719,
            "2": 1.0122666358947754,
            "3": null,
            "4": 1.2740957736968994
        },
        "qc sender 2": {
            "1": 0.9781327247619629,
            "2": 0.715498685836792,
            "3": null,
            "4": 0.9966435432434082
        },
        "qc sender 3": {
            "1": 1.266000747680664,
            "2": 1.0013625621795654,
            "3": null,
            "4": 1.2792716026306152
        },
        "qc sender 4": {
            "1": 1.2740957736968994,
            "2": 1.00691556930542,
            "3": null,
            "4": 1.2822413444519043
        }
    },
    "Receptions Elect": {
        "1": 1.686659336090088,
        "2": 1.4147114753723145,
        "3": null,
        "4": 1.6895623207092285
    },
    "Receptions Leader": {
        "1": 2.0987629890441895,
        "2": 1.8345208168029785,
        "3": null,
        "4": 2.111966609954834,
        "id leader": 2
    },
    "Commit": "Block du node : 2"
}