{
    "Receptions Block": {
        "1": 0.42851734161376953,
        "2": 0.4484138488769531,
        "3": 0.4517223834991455,
        "4": null
    },
    "Receptions Echo": {
        "block 1": {
            "1": 0.43961024284362793,
            "2": 0.8540735244750977,
            "3": 0.8591959476470947,
            "4": null
        },
        "block 2": {
            "1": 0.8838925361633301,
            "2": 0.44516825675964355,
            "3": 0.8857972621917725,
            "4": null
        },
        "block 3": {
            "1": 0.879711389541626,
            "2": 0.874467134475708,
            "3": 0.43465089797973633,
            "4": null
        },
        "block 4": {
            "1": 1.3322744369506836,
            "2": 1.3368141651153564,
            "3": 1.337916612625122,
            "4": null
        }
    },
    "Receptions Ready": {
        "qc sender 1": {
            "1": 1.2733042240142822,
            "2": 1.2846052646636963,
            "3": 1.2678487300872803,
            "4": null
        },
        "qc sender 2": {
            "1": 1.3098280429840088,
            "2": 1.3098280429840088,
            "3": 1.3098280429840088,
            "4": null
        },
        "qc sender 3": {
            "1": 1.3008759021759033,
            "2": 1.303576946258545,
            "3": 1.3070907592773438,
            "4": null
        },
        "qc sender 4": {
            "1": 1.7484047412872314,
            "2": 1.7426350116729736,
            "3": 1.7520461082458496,
            "4": null
        }
    },
    "Receptions Elect": {
        "1": 2.206483840942383,
        "2": 2.2059731483459473,
        "3": 2.2135696411132812,
        "4": null
    },
    "Receptions Leader": {
        "1": null,
        "2": null,
        "3": null,
        "4": null,
        "id leader": 0
    },
    "Commit": "Pas de block commit"
}