{
    "Receptions Block": {
        "1": 0.43172717094421387,
        "2": null,
        "3": 0.44028377532958984,
        "4": 0.5284290313720703
    },
    "Receptions Echo": {
        "block 1": {
            "1": 0.4357328414916992,
            "2": null,
            "3": 0.8674190044403076,
            "4": 0.9607257843017578
        },
        "block 2": {
            "1": 0.8324215412139893,
            "2": null,
            "3": 0.8576474189758301,
            "4": 0.9573953151702881
        },
        "block 3": {
            "1": 0.8536860942840576,
            "2": null,
            "3": 0.43842148780822754,
            "4": 0.9586665630340576
        },
        "block 4": {
            "1": 0.931098461151123,
            "2": null,
            "3": 0.9525563716888428,
            "4": 0.5310430526733398
        }
    },
    "Receptions Ready": {
        "qc sender 1": {
            "1": 1.2960033416748047,
            "2": null,
            "3": 1.2804319858551025,
            "4": 1.3595860004425049
        },
        "qc sender 2": {
            "1": 1.2893633842468262,
            "2": null,
            "3": 1.2460918426513672,
            "4": 1.3475713729858398
        },
        "qc sender 3": {
            "1": 1.2981414794921875,
            "2": null,
            "3": 1.2981414794921875,
            "4": 1.3768255710601807
        },
        "qc sender 4": {
            "1": 1.3525004386901855,
            "2": null,
            "3": 1.3525004386901855,
            "4": 1.4536733627319336
        }
    },
    "Receptions Elect": {
        "1": 1.7851123809814453,
        "2": null,
        "3": 1.7727696895599365,
        "4": 1.8068718910217285
    },
    "Receptions Leader": {
        "1": 2.223069190979004,
        "2": null,
        "3": 2.231782913208008,
        "4": 2.3007988929748535,
        "id leader": 4
    },
    "Commit": "Block du node : 4"
}