{
    "Receptions Block": {
        "1": 0.4340660572052002,
        "2": 0.43031740188598633,
        "3": null,
        "4": 0.5310430526733398
    },
    "Receptions Echo": {
        "block 1": {
            "1": 0.43842148780822754,
            "2": 0.86185622215271,
            "3": null,
            "4": 0.9586665630340576
        },
        "block 2": {
            "1": 0.8344109058380127,
            "2": 0.4413726329803467,
            "3": null,
            "4": 0.9548330307006836
        },
        "block 3": {
            "1": 0.8659138679504395,
            "2": 0.8720614910125732,
            "3": null,
            "4": 0.9607257843017578
        },
        "block 4": {
            "1": 0.9341464042663574,
            "2": 0.9414849281311035,
            "3": null,
            "4": 0.5305337905883789
        }
    },
    "Receptions Ready": {
        "qc sender 1": {
            "1": 1.2981414794921875,
            "2": 1.2981414794921875,
            "3": null,
            "4": 1.3595860004425049
        },
        "qc sender 2": {
            "1": 1.2804319858551025,
            "2": 1.2873477935791016,
            "3": null,
            "4": 1.3475713729858398
        },
        "qc sender 3": {
            "1": 1.2981414794921875,
            "2": 1.2680699825286865,
            "3": null,
            "4": 1.3802759647369385
        },
        "qc sender 4": {
            "1": 1.3525004386901855,
            "2": 1.3413305282592773,
            "3": null,
            "4": 1.4536733627319336
        }
    },
    "Receptions Elect": {
        "1": 1.7901108264923096,
        "2": 1.7901108264923096,
        "3": null,
        "4": 1.8129220008850098
    },
    "Receptions Leader": {
        "1": 2.2235817909240723,
        "2": 2.226522207260132,
        "3": null,
        "4": 2.3007988929748535,
        "id leader": 4
    },
    "Commit": "Block du node : 4"
}