{
    "Receptions Block": {
        "1": 0.41957998275756836,
        "2": 0.42799854278564453,
        "3": null,
        "4": 0.8265256881713867
    },
    "Receptions Echo": {
        "block 1": {
            "1": 0.4228179454803467,
            "2": 0.8301229476928711,
            "3": null,
            "4": 1.236177921295166
        },
        "block 2": {
            "1": 0.8306326866149902,
            "2": 0.4291820526123047,
            "3": null,
            "4": 1.2392232418060303
        },
        "block 3": {
            "1": 0.8306326866149902,
            "2": 0.8306326866149902,
            "3": null,
            "4": 1.2434959411621094
        },
        "block 4": {
            "1": 1.2300639152526855,
            "2": 1.2320873737335205,
            "3": null,
            "4": 0.8281056880950928
        }
    },
    "Receptions Ready": {
        "qc sender 1": {
            "1": 1.2445011138916016,
            "2": 1.2445011138916016,
            "3": null,
            "4": 1.6410481929779053
        },
        "qc sender 2": {
            "1": 1.2445011138916016,
            "2": 1.25380539894104,
            "3": null,
            "4": 1.6434295177459717
        },
        "qc sender 3": {
            "1": 1.25380539894104,
            "2": 1.2445011138916016,
            "3": null,
            "4": 1.6469600200653076
        },
        "qc sender 4": {
            "1": 1.6393907070159912,
            "2": 1.6360235214233398,
            "3": null,
            "4": 2.0421242713928223
        }
    },
    "Receptions Elect": {
        "1": 2.0509140491485596,
        "2": 2.047149658203125,
        "3": null,
        "4": 2.056711435317993
    },
    "Receptions Leader": {
        "1": null,
        "2": null,
        "3": null,
        "4": null,
        "id leader": 0
    },
    "Commit": "Block du node : 4"
}