{
    "Receptions Block": {
        "1": null,
        "2": 0.42269444465637207,
        "3": 0.43842148780822754,
        "4": 0.5241293907165527
    },
    "Receptions Echo": {
        "block 1": {
            "1": null,
            "2": 0.8513264656066895,
            "3": 0.8659138679504395,
            "4": 0.9586665630340576
        },
        "block 2": {
            "1": null,
            "2": 0.44083380699157715,
            "3": 0.8605632781982422,
            "4": 0.9510624408721924
        },
        "block 3": {
            "1": null,
            "2": 0.8720614910125732,
            "3": 0.4340660572052002,
            "4": 0.9561457633972168
        },
        "block 4": {
            "1": null,
            "2": 0.9353444576263428,
            "3": 0.9414849281311035,
            "4": 0.5257391929626465
        }
    },
    "Receptions Ready": {
        "qc sender 1": {
            "1": null,
            "2": 1.2917144298553467,
            "3": 1.272200345993042,
            "4": 1.3595860004425049
        },
        "qc sender 2": {
            "1": null,
            "2": 1.2851457595825195,
            "3": 1.2380785942077637,
            "4": 1.3470640182495117
        },
        "qc sender 3": {
            "1": null,
            "2": 1.2670233249664307,
            "3": 1.2975914478302002,
            "4": 1.373290777206421
        },
        "qc sender 4": {
            "1": null,
            "2": 1.3392906188964844,
            "3": 1.3525004386901855,
            "4": 1.4536733627319336
        }
    },
    "Receptions Elect": {
        "1": null,
        "2": 1.7862372398376465,
        "3": 1.766310691833496,
        "4": 1.8068718910217285
    },
    "Receptions Leader": {
        "1": null,
        "2": 2.2235817909240723,
        "3": 2.231222629547119,
        "4": 2.297971725463867,
        "id leader": 4
    },
    "Commit": "Block du node : 4"
}