{
    "Receptions Block1": {
        "1": 0.01753830909729004,
        "2": null,
        "3": 0.039803504943847656,
        "4": 0.05041360855102539
    },
    "Receptions Vote1": {
        "block 1": {
            "1": null,
            "2": null,
            "3": 0.03530621528625488,
            "4": 0.02794647216796875
        },
        "block 2": {
            "1": 0.030171871185302734,
            "2": null,
            "3": 0.03788399696350098,
            "4": 0.04574131965637207
        },
        "block 3": {
            "1": 0.04342508316040039,
            "2": null,
            "3": null,
            "4": 0.06454920768737793
        },
        "block 4": {
            "1": 0.058704376220703125,
            "2": null,
            "3": 0.06860971450805664,
            "4": null
        }
    },
    "Receptions Block2": {
        "1": 0.062249183654785156,
        "2": null,
        "3": 0.07411932945251465,
        "4": 0.07875180244445801,
        "qc1": {
            "2": [
                2,
                1,
                3,
                4
            ],
            "1": [
                2,
                4,
                3
            ],
            "3": [
                2,
                1,
                4
            ],
            "4": [
                2,
                1,
                3
            ]
        }
    },
    "Receptions Vote2": {
        "qc sender 1": {
            "1": null,
            "2": null,
            "3": 0.046907663345336914,
            "4": 0.054620981216430664
        },
        "qc sender 2": {
            "1": 0.05354428291320801,
            "2": null,
            "3": 0.06710529327392578,
            "4": 0.07042360305786133
        },
        "qc sender 3": {
            "1": 0.0776817798614502,
            "2": null,
            "3": null,
            "4": 0.08344054222106934
        },
        "qc sender 4": {
            "1": 0.09138035774230957,
            "2": null,
            "3": 0.10706758499145508,
            "4": null
        }
    },
    "Receptions Elect": {
        "1": 0.10252165794372559,
        "2": null,
        "3": 0.10365939140319824,
        "4": 0.10593414306640625
    },
    "Receptions Leader": {
        "1": 0.11204981803894043,
        "2": null,
        "3": 0.11438560485839844,
        "4": 0.11313104629516602,
        "id leader": 2
    },
    "Commit": "Block1 du node : 2"
}