{
    "Receptions Block": {
        "1": 0.4413726329803467,
        "2": 0.4357328414916992,
        "3": 0.4424896240234375,
        "4": null
    },
    "Receptions Echo": {
        "block 1": {
            "1": 0.4401271343231201,
            "2": 0.8478603363037109,
            "3": 0.8705205917358398,
            "4": null
        },
        "block 2": {
            "1": 0.8359224796295166,
            "2": 0.4424896240234375,
            "3": 0.86185622215271,
            "4": null
        },
        "block 3": {
            "1": 0.8659138679504395,
            "2": 0.8736915588378906,
            "3": 0.4413726329803467,
            "4": null
        },
        "block 4": {
            "1": 0.9389441013336182,
            "2": 0.9493882656097412,
            "3": 0.9573953151702881,
            "4": null
        }
    },
    "Receptions Ready": {
        "qc sender 1": {
            "1": 1.2981414794921875,
            "2": 1.2981414794921875,
            "3": 1.2856512069702148,
            "4": null
        },
        "qc sender 2": {
            "1": 1.2917144298553467,
            "2": 1.2981414794921875,
            "3": 1.2472898960113525,
            "4": null
        },
        "qc sender 3": {
            "1": 1.2981414794921875,
            "2": 1.2696144580841064,
            "3": 1.2981414794921875,
            "4": null
        },
        "qc sender 4": {
            "1": 1.3590385913848877,
            "2": 1.3433501720428467,
            "3": 1.3525004386901855,
            "4": null
        }
    },
    "Receptions Elect": {
        "1": 1.7901108264923096,
        "2": 1.7901108264923096,
        "3": 1.7727696895599365,
        "4": null
    },
    "Receptions Leader": {
        "1": 2.226522207260132,
        "2": 2.231782913208008,
        "3": 2.231782913208008,
        "4": null,
        "id leader": 4
    },
    "Commit": "Block du node : 4"
}