{
    "Receptions Block": {
        "1": 0.41943955421447754,
        "2": null,
        "3": 0.4271829128265381,
        "4": 0.4337153434753418
    },
    "Receptions Echo": {
        "block 1": {
            "1": null,
            "2": null,
            "3": 0.8506734371185303,
            "4": 0.8658864498138428
        },
        "block 2": {
            "1": 0.5554754734039307,
            "2": null,
            "3": 0.5682594776153564,
            "4": 0.5702393054962158
        },
        "block 3": {
            "1": 0.8416929244995117,
            "2": null,
            "3": null,
            "4": 0.8539559841156006
        },
        "block 4": {
            "1": 0.8468992710113525,
            "2": null,
            "3": 0.8637564182281494,
            "4": null
        }
    },
    "Receptions Ready": {
        "qc sender 1": {
            "1": 1.251817226409912,
            "2": null,
            "3": 1.2832667827606201,
            "4": 1.2700872421264648
        },
        "qc sender 2": {
            "1": 0.9740228652954102,
            "2": null,
            "3": 0.9993441104888916,
            "4": 0.9966435432434082
        },
        "qc sender 3": {
            "1": 1.266000747680664,
            "2": null,
            "3": 1.2608296871185303,
            "4": 1.2792716026306152
        },
        "qc sender 4": {
            "1": 1.2740957736968994,
            "2": null,
            "3": 1.2792716026306152,
            "4": 1.2822413444519043
        }
    },
    "Receptions Elect": {
        "1": 1.686659336090088,
        "2": null,
        "3": 1.6933658123016357,
        "4": 1.694711446762085
    },
    "Receptions Leader": {
        "1": 2.0987629890441895,
        "2": null,
        "3": 2.105720043182373,
        "4": 2.1067593097686768,
        "id leader": 2
    },
    "Commit": "Block du node : 2"
}