{
    "Receptions Block": {
        "1": null,
        "2": 0.14493155479431152,
        "3": 0.42047619819641113,
        "4": 0.4271829128265381
    },
    "Receptions Echo": {
        "block 1": {
            "1": null,
            "2": 0.5702393054962158,
            "3": 0.8416929244995117,
            "4": 0.8539559841156006
        },
        "block 2": {
            "1": null,
            "2": null,
            "3": 0.559959888458252,
            "4": 0.5627350807189941
        },
        "block 3": {
            "1": null,
            "2": 0.5702393054962158,
            "3": null,
            "4": 0.8523533344268799
        },
        "block 4": {
            "1": null,
            "2": 0.5852468013763428,
            "3": 0.8566286563873291,
            "4": null
        }
    },
    "Receptions Ready": {
        "qc sender 1": {
            "1": null,
            "2": 1.00691556930542,
            "3": 1.2792716026306152,
            "4": 1.2700872421264648
        },
        "qc sender 2": {
            "1": null,
            "2": 0.714205265045166,
            "3": 0.9966435432434082,
            "4": 0.9901530742645264
        },
        "qc sender 3": {
            "1": null,
            "2": 1.0013625621795654,
            "3": 1.2582883834838867,
            "4": 1.2740957736968994
        },
        "qc sender 4": {
            "1": null,
            "2": 1.005908727645874,
            "3": 1.2740957736968994,
            "4": 1.2792716026306152
        }
    },
    "Receptions Elect": {
        "1": null,
        "2": 1.4147114753723145,
        "3": 1.6895623207092285,
        "4": 1.6824605464935303
    },
    "Receptions Leader": {
        "1": null,
        "2": 1.8316144943237305,
        "3": 2.0987629890441895,
        "4": 2.0987629890441895,
        "id leader": 2
    },
    "Commit": "Block du node : 2"
}