{
    "Receptions Block1": {
        "1": null,
        "2": 0.03124833106994629,
        "3": 0.04687690734863281,
        "4": 0.0827488899230957
    },
    "Receptions Vote1": {
        "block 1": {
            "1": null,
            "2": 0.03124833106994629,
            "3": 0.03124833106994629,
            "4": 0.03124833106994629
        },
        "block 2": {
            "1": null,
            "2": null,
            "3": 0.04687690734863281,
            "4": 0.04687690734863281
        },
        "block 3": {
            "1": null,
            "2": 0.09839081764221191,
            "3": null,
            "4": 0.09839081764221191
        },
        "block 4": {
            "1": null,
            "2": 0.1296389102935791,
            "3": 0.1373915672302246,
            "4": null
        }
    },
    "Receptions Block2": {
        "1": null,
        "2": 0.11401748657226562,
        "3": 0.1483926773071289,
        "4": 0.15311646461486816,
        "qc1": {
            "1": [
                1,
                2,
                3,
                4
            ],
            "2": [
                1,
                3,
                4
            ],
            "3": [
                1,
                2,
                4
            ],
            "4": [
                1,
                2,
                3
            ]
        }
    },
    "Receptions Vote2": {
        "qc sender 1": {
            "1": null,
            "2": 0.06702136993408203,
            "3": 0.06773734092712402,
            "4": 0.0827488899230957
        },
        "qc sender 2": {
            "1": null,
            "2": null,
            "3": 0.14539122581481934,
            "4": 0.14239048957824707
        },
        "qc sender 3": {
            "1": null,
            "2": 0.15811538696289062,
            "3": null,
            "4": 0.167680025100708
        },
        "qc sender 4": {
            "1": null,
            "2": 0.167680025100708,
            "3": 0.18319320678710938,
            "4": null
        }
    },
    "Receptions Elect": {
        "1": null,
        "2": 0.18319320678710938,
        "3": 0.18319320678710938,
        "4": 0.18319320678710938
    },
    "Receptions Leader": {
        "1": null,
        "2": 0.19883513450622559,
        "3": 0.2144627571105957,
        "4": 0.2144627571105957,
        "id leader": 2
    },
    "Commit": [
        "OK"
    ]
}