{
    "Receptions Block1": {
        "1": 0.01753830909729004,
        "2": 0.024351835250854492,
        "3": null,
        "4": 0.06095266342163086
    },
    "Receptions Vote1": {
        "block 1": {
            "1": null,
            "2": 0.023115873336791992,
            "3": null,
            "4": 0.030171871185302734
        },
        "block 2": {
            "1": 0.034117937088012695,
            "2": null,
            "3": null,
            "4": 0.04938793182373047
        },
        "block 3": {
            "1": 0.04342508316040039,
            "2": 0.054620981216430664,
            "3": null,
            "4": 0.5735225677490234
        },
        "block 4": {
            "1": 0.06860971450805664,
            "2": 0.07042360305786133,
            "3": null,
            "4": null
        }
    },
    "Receptions Block2": {
        "1": 0.0719003677368164,
        "2": 0.0719003677368164,
        "3": null,
        "4": 0.08344054222106934,
        "qc1": {
            "3": [
                3,
                1,
                2,
                4
            ],
            "1": [
                3,
                2,
                4
            ],
            "2": [
                3,
                1,
                4
            ],
            "4": [
                3,
                1,
                2
            ]
        }
    },
    "Receptions Vote2": {
        "qc sender 1": {
            "1": null,
            "2": 0.056620121002197266,
            "3": null,
            "4": 0.0656428337097168
        },
        "qc sender 2": {
            "1": 0.06328368186950684,
            "2": null,
            "3": null,
            "4": 0.0719003677368164
        },
        "qc sender 3": {
            "1": 0.0776817798614502,
            "2": 0.0809183120727539,
            "3": null,
            "4": 0.08808779716491699
        },
        "qc sender 4": {
            "1": 0.10129714012145996,
            "2": 0.09259629249572754,
            "3": null,
            "4": null
        }
    },
    "Receptions Elect": {
        "1": 0.10365939140319824,
        "2": 0.10593414306640625,
        "3": null,
        "4": 0.10480761528015137
    },
    "Receptions Leader": {
        "1": 0.11438560485839844,
        "2": 0.11102914810180664,
        "3": null,
        "4": 0.11438560485839844,
        "id leader": 2
    },
    "Commit": "Block1 du node : 2"
}