{
    "Receptions Block": {
        "1": null,
        "2": 0.41957998275756836,
        "3": 0.4228179454803467,
        "4": 0.820389986038208
    },
    "Receptions Echo": {
        "block 1": {
            "1": null,
            "2": 0.8306326866149902,
            "3": 0.8306326866149902,
            "4": 1.2320873737335205
        },
        "block 2": {
            "1": null,
            "2": 0.42799854278564453,
            "3": 0.8306326866149902,
            "4": 1.2382125854492188
        },
        "block 3": {
            "1": null,
            "2": 0.8306326866149902,
            "3": 0.4291820526123047,
            "4": 1.236177921295166
        },
        "block 4": {
            "1": null,
            "2": 1.2300639152526855,
            "3": 1.233597993850708,
            "4": 0.820389986038208
        }
    },
    "Receptions Ready": {
        "qc sender 1": {
            "1": null,
            "2": 1.2434959411621094,
            "3": 1.2392232418060303,
            "4": 1.6393907070159912
        },
        "qc sender 2": {
            "1": null,
            "2": 1.2445011138916016,
            "3": 1.2434959411621094,
            "4": 1.6410481929779053
        },
        "qc sender 3": {
            "1": null,
            "2": 1.2445011138916016,
            "3": 1.2445011138916016,
            "4": 1.6434295177459717
        },
        "qc sender 4": {
            "1": null,
            "2": 1.6360235214233398,
            "3": 1.6360235214233398,
            "4": 2.0402894020080566
        }
    },
    "Receptions Elect": {
        "1": null,
        "2": 2.047149658203125,
        "3": 2.047149658203125,
        "4": 2.056711435317993
    },
    "Receptions Leader": {
        "1": null,
        "2": null,
        "3": null,
        "4": null,
        "id leader": 0
    },
    "Commit": "Block du node : 4"
}