{
    "Receptions Block1": {
        "1": 0.4284200668334961,
        "2": null,
        "3": 0.4432380199432373,
        "4": 0.8280441761016846
    },
    "Receptions Vote1": {
        "block 1": {
            "1": 0.4330904483795166,
            "2": null,
            "3": 0.8519914150238037,
            "4": 1.2772088050842285
        },
        "block 2": {
            "1": 0.8484916687011719,
            "2": null,
            "3": 0.8568215370178223,
            "4": 1.2649898529052734
        },
        "block 3": {
            "1": 0.854712963104248,
            "2": null,
            "3": 0.4418368339538574,
            "4": 1.2723278999328613
        },
        "block 4": {
            "1": 1.2345926761627197,
            "2": null,
            "3": 1.2505028247833252,
            "4": 0.8321473598480225
        }
    },
    "Receptions Block2": {
        "1": 0.43569040298461914,
        "2": null,
        "3": 0.4432380199432373,
        "4": 0.8355982303619385,
        "qc1": {
            "2": [
                2,
                1,
                3,
                4
            ],
            "1": [
                2,
                1,
                3,
                4
            ],
            "3": [
                3,
                2,
                1,
                4
            ],
            "4": [
                2,
                4,
                1,
                3
            ]
        }
    },
    "Receptions Vote2": {
        "qc sender 1": {
            "1": 1.2795681953430176,
            "2": null,
            "3": 1.2807998657226562,
            "4": 1.6599736213684082
        },
        "qc sender 2": {
            "1": 1.7834486961364746,
            "2": null,
            "3": 1.780651330947876,
            "4": 1.7530207633972168
        },
        "qc sender 3": {
            "1": 1.2818241119384766,
            "2": null,
            "3": 1.2818241119384766,
            "4": 1.749023199081421
        },
        "qc sender 4": {
            "1": 1.6655278205871582,
            "2": null,
            "3": 1.65549898147583,
            "4": 2.0831410884857178
        }
    },
    "Receptions Elect": {
        "1": 1.6877670288085938,
        "2": null,
        "3": 2.0864715576171875,
        "4": 2.460261344909668
    },
    "Receptions Leader": {
        "1": null,
        "2": null,
        "3": null,
        "4": null,
        "id leader": 0
    },
    "Commit": "Block du node : 4"
}