{
    "Receptions Block1": {
        "1": 0.03124833106994629,
        "2": 0.04687690734863281,
        "3": 0.06773734092712402,
        "4": null
    },
    "Receptions Vote1": {
        "block 1": {
            "1": null,
            "2": 0.03124833106994629,
            "3": 0.04687690734863281,
            "4": null
        },
        "block 2": {
            "1": 0.04687690734863281,
            "2": null,
            "3": 0.06773734092712402,
            "4": null
        },
        "block 3": {
            "1": 0.09839081764221191,
            "2": 0.0827488899230957,
            "3": null,
            "4": null
        },
        "block 4": {
            "1": 0.1296389102935791,
            "2": 0.1373915672302246,
            "3": 0.14239048957824707,
            "4": null
        }
    },
    "Receptions Block2": {
        "1": 0.11401748657226562,
        "2": 0.11401748657226562,
        "3": 0.15511274337768555,
        "4": null,
        "qc1": {
            "4": [
                4,
                1,
                2,
                3
            ],
            "1": [
                4,
                2,
                3
            ],
            "2": [
                4,
                1,
                3
            ],
            "3": [
                4,
                2,
                1
            ]
        }
    },
    "Receptions Vote2": {
        "qc sender 1": {
            "1": null,
            "2": 0.0827488899230957,
            "3": 0.0827488899230957,
            "4": null
        },
        "qc sender 2": {
            "1": 0.1403944492340088,
            "2": null,
            "3": 0.1483926773071289,
            "4": null
        },
        "qc sender 3": {
            "1": 0.167680025100708,
            "2": 0.167680025100708,
            "3": null,
            "4": null
        },
        "qc sender 4": {
            "1": 0.167680025100708,
            "2": 0.18319320678710938,
            "3": 0.18319320678710938,
            "4": null
        }
    },
    "Receptions Elect": {
        "1": 0.18319320678710938,
        "2": 0.18319320678710938,
        "3": 0.19883513450622559,
        "4": null
    },
    "Receptions Leader": {
        "1": 0.19883513450622559,
        "2": 0.2144627571105957,
        "3": 0.19883513450622559,
        "4": null,
        "id leader": 2
    },
    "Commit": [
        "OK"
    ]
}