{
    "Receptions Block1": {
        "1": 0.015477418899536133,
        "2": 0.021657466888427734,
        "3": null,
        "4": 0.04722905158996582
    },
    "Receptions Vote1": {
        "block 1": {
            "1": null,
            "2": 0.0279233455657959,
            "3": null,
            "4": 0.03198051452636719
        },
        "block 2": {
            "1": 0.038177490234375,
            "2": null,
            "3": null,
            "4": 0.0448298454284668
        },
        "block 3": {
            "1": 0.05545496940612793,
            "2": 0.04941415786743164,
            "3": null,
            "4": 0.05438065528869629
        },
        "block 4": {
            "1": 0.05761909484863281,
            "2": 0.06237506866455078,
            "3": null,
            "4": null
        }
    },
    "Receptions Block2": {
        "1": 0.051920175552368164,
        "2": 0.06002306938171387,
        "3": null,
        "4": 0.07394981384277344,
        "qc1": {
            "3": [
                3,
                2,
                4,
                1
            ],
            "1": [
                3,
                2,
                4
            ],
            "2": [
                3,
                1,
                4
            ],
            "4": [
                3,
                1,
                2
            ]
        }
    },
    "Receptions Vote2": {
        "qc sender 1": {
            "1": null,
            "2": 0.06608414649963379,
            "3": null,
            "4": 0.06466984748840332
        },
        "qc sender 2": {
            "1": 0.06816315650939941,
            "2": null,
            "3": null,
            "4": 0.06951308250427246
        },
        "qc sender 3": {
            "1": 0.0762631893157959,
            "2": 0.08336377143859863,
            "3": null,
            "4": 0.08179688453674316
        },
        "qc sender 4": {
            "1": 0.0790102481842041,
            "2": 0.08573460578918457,
            "3": null,
            "4": null
        }
    },
    "Receptions Elect": {
        "1": 0.08954167366027832,
        "2": 0.08852982521057129,
        "3": null,
        "4": 0.09218907356262207
    },
    "Receptions Leader": {
        "1": 0.09522318840026855,
        "2": 0.09522318840026855,
        "3": null,
        "4": 0.09876513481140137,
        "id leader": 4
    },
    "Commit": "Block1 du node : 4"
}