{
    "Receptions Block1": {
        "1": null,
        "2": 0.021657466888427734,
        "3": 0.03198051452636719,
        "4": 0.03945589065551758
    },
    "Receptions Vote1": {
        "block 1": {
            "1": null,
            "2": 0.018212556838989258,
            "3": 0.02404499053955078,
            "4": 0.0279233455657959
        },
        "block 2": {
            "1": null,
            "2": null,
            "3": 0.04372048377990723,
            "4": 0.03514242172241211
        },
        "block 3": {
            "1": null,
            "2": 0.04612565040588379,
            "3": null,
            "4": 0.04941415786743164
        },
        "block 4": {
            "1": null,
            "2": 0.06129097938537598,
            "3": 0.06466984748840332,
            "4": null
        }
    },
    "Receptions Block2": {
        "1": null,
        "2": 0.05545496940612793,
        "3": 0.06608414649963379,
        "4": 0.07074141502380371,
        "qc1": {
            "1": [
                1,
                2,
                3,
                4
            ],
            "2": [
                1,
                4,
                3
            ],
            "3": [
                1,
                2,
                4
            ],
            "4": [
                1,
                2,
                3
            ]
        }
    },
    "Receptions Vote2": {
        "qc sender 1": {
            "1": null,
            "2": 0.06351828575134277,
            "3": 0.05298614501953125,
            "4": 0.05761909484863281
        },
        "qc sender 2": {
            "1": null,
            "2": null,
            "3": 0.06951308250427246,
            "4": 0.06608414649963379
        },
        "qc sender 3": {
            "1": null,
            "2": 0.08179688453674316,
            "3": null,
            "4": 0.0790102481842041
        },
        "qc sender 4": {
            "1": null,
            "2": 0.08336377143859863,
            "3": 0.0790102481842041,
            "4": null
        }
    },
    "Receptions Elect": {
        "1": null,
        "2": 0.08727717399597168,
        "3": 0.08954167366027832,
        "4": 0.09067106246948242
    },
    "Receptions Leader": {
        "1": null,
        "2": 0.09420490264892578,
        "3": 0.09876513481140137,
        "4": 0.0976724624633789,
        "id leader": 4
    },
    "Commit": "Block1 du node : 4"
}