{
    "Receptions Block1": {
        "1": null,
        "2": 0.4385237693786621,
        "3": 0.4418368339538574,
        "4": 0.823549747467041
    },
    "Receptions Vote1": {
        "block 1": {
            "1": null,
            "2": 0.8405213356018066,
            "3": 0.8461790084838867,
            "4": 1.257561206817627
        },
        "block 2": {
            "1": null,
            "2": 0.43569040298461914,
            "3": 0.8508174419403076,
            "4": 1.2723278999328613
        },
        "block 3": {
            "1": null,
            "2": 0.8532395362854004,
            "3": 0.4305548667907715,
            "4": 1.267686367034912
        },
        "block 4": {
            "1": null,
            "2": 1.242980718612671,
            "3": 1.2489948272705078,
            "4": 0.8335905075073242
        }
    },
    "Receptions Block2": {
        "1": null,
        "2": 0.43956756591796875,
        "3": 0.4432380199432373,
        "4": 0.8355982303619385,
        "qc1": {
            "1": [
                1,
                2,
                3,
                4
            ],
            "3": [
                3,
                1,
                2,
                4
            ],
            "2": [
                2,
                1,
                3,
                4
            ],
            "4": [
                1,
                4,
                2,
                3
            ]
        }
    },
    "Receptions Vote2": {
        "qc sender 1": {
            "1": null,
            "2": 1.271291971206665,
            "3": 1.268693208694458,
            "4": 1.6599736213684082
        },
        "qc sender 2": {
            "1": null,
            "2": 1.2772088050842285,
            "3": 1.2795681953430176,
            "4": 1.749023199081421
        },
        "qc sender 3": {
            "1": null,
            "2": 1.2807998657226562,
            "3": 1.2747349739074707,
            "4": 1.7478177547454834
        },
        "qc sender 4": {
            "1": null,
            "2": 1.6435339450836182,
            "3": 1.6498126983642578,
            "4": 2.0781638622283936
        }
    },
    "Receptions Elect": {
        "1": null,
        "2": 2.0732967853546143,
        "3": 2.0864715576171875,
        "4": 2.457267999649048
    },
    "Receptions Leader": {
        "1": null,
        "2": null,
        "3": null,
        "4": null,
        "id leader": 0
    },
    "Commit": "Block du node : 4"
}