{
    "Receptions Block1": {
        "1": 0.03124833106994629,
        "2": 0.03124833106994629,
        "3": null,
        "4": 0.0827488899230957
    },
    "Receptions Vote1": {
        "block 1": {
            "1": null,
            "2": 0.03124833106994629,
            "3": null,
            "4": 0.04687690734863281
        },
        "block 2": {
            "1": 0.04687690734863281,
            "2": null,
            "3": null,
            "4": 0.0827488899230957
        },
        "block 3": {
            "1": 0.09839081764221191,
            "2": 0.09839081764221191,
            "3": null,
            "4": 0.13438105583190918
        },
        "block 4": {
            "1": 0.11401748657226562,
            "2": 0.14339232444763184,
            "3": null,
            "4": null
        }
    },
    "Receptions Block2": {
        "1": 0.1296389102935791,
        "2": 0.1403944492340088,
        "3": null,
        "4": 0.167680025100708,
        "qc1": {
            "3": [
                3,
                2,
                1,
                4
            ],
            "1": [
                3,
                2,
                4
            ],
            "2": [
                3,
                1,
                4
            ],
            "4": [
                3,
                1,
                2
            ]
        }
    },
    "Receptions Vote2": {
        "qc sender 1": {
            "1": null,
            "2": 0.06773734092712402,
            "3": null,
            "4": 0.11401748657226562
        },
        "qc sender 2": {
            "1": 0.14739322662353516,
            "2": null,
            "3": null,
            "4": 0.1521134376525879
        },
        "qc sender 3": {
            "1": 0.167680025100708,
            "2": 0.167680025100708,
            "3": null,
            "4": 0.18319320678710938
        },
        "qc sender 4": {
            "1": 0.18319320678710938,
            "2": 0.18319320678710938,
            "3": null,
            "4": null
        }
    },
    "Receptions Elect": {
        "1": 0.18319320678710938,
        "2": 0.18319320678710938,
        "3": null,
        "4": 0.18319320678710938
    },
    "Receptions Leader": {
        "1": 0.19883513450622559,
        "2": 0.19883513450622559,
        "3": null,
        "4": 0.2144627571105957,
        "id leader": 2
    },
    "Commit": [
        "OK"
    ]
}