{
    "Receptions Block1": {
        "1": 0.03161764144897461,
        "2": 0.039582014083862305,
        "3": 0.05900907516479492,
        "4": null
    },
    "Receptions Vote1": {
        "block 1": {
            "1": null,
            "2": 0.04309582710266113,
            "3": 0.040840864181518555,
            "4": null
        },
        "block 2": {
            "1": 0.05312204360961914,
            "2": null,
            "3": 0.051190853118896484,
            "4": null
        },
        "block 3": {
            "1": 0.06789016723632812,
            "2": 0.06468939781188965,
            "3": null,
            "4": null
        },
        "block 4": {
            "1": 0.08420372009277344,
            "2": 0.08198142051696777,
            "3": 0.09279680252075195,
            "4": null
        }
    },
    "Receptions Block2": {
        "1": 0.0809483528137207,
        "2": 0.08809542655944824,
        "3": 0.09561777114868164,
        "4": null,
        "qc1": {
            "4": [
                4,
                2,
                1,
                3
            ],
            "1": [
                4,
                3,
                2
            ],
            "2": [
                4,
                3,
                1
            ],
            "3": [
                4,
                2,
                1
            ]
        }
    },
    "Receptions Vote2": {
        "qc sender 1": {
            "1": null,
            "2": 0.07953500747680664,
            "3": 0.06905364990234375,
            "4": null
        },
        "qc sender 2": {
            "1": 0.07643461227416992,
            "2": null,
            "3": 0.07382893562316895,
            "4": null
        },
        "qc sender 3": {
            "1": 0.09770536422729492,
            "2": 0.10440731048583984,
            "3": null,
            "4": null
        },
        "qc sender 4": {
            "1": 0.1066124439239502,
            "2": 0.10919594764709473,
            "3": 0.1198420524597168,
            "4": null
        }
    },
    "Receptions Elect": {
        "1": 0.11169981956481934,
        "2": 0.11169981956481934,
        "3": 0.1198420524597168,
        "4": null
    },
    "Receptions Leader": {
        "1": 0.12566709518432617,
        "2": 0.12679457664489746,
        "3": 0.12779784202575684,
        "4": null,
        "id leader": 3
    },
    "Commit": [
        "OK"
    ]
}