{
    "Receptions Block1": {
        "1": 0.4385237693786621,
        "2": 0.4432380199432373,
        "3": 0.4432380199432373,
        "4": null
    },
    "Receptions Vote1": {
        "block 1": {
            "1": 0.4330904483795166,
            "2": 0.8461790084838867,
            "3": 0.8508174419403076,
            "4": null
        },
        "block 2": {
            "1": 0.8588800430297852,
            "2": 0.4432380199432373,
            "3": 0.8568215370178223,
            "4": null
        },
        "block 3": {
            "1": 0.8578321933746338,
            "2": 0.8588800430297852,
            "3": 0.43569040298461914,
            "4": null
        },
        "block 4": {
            "1": 1.242980718612671,
            "2": 1.2595319747924805,
            "3": 1.267686367034912,
            "4": null
        }
    },
    "Receptions Block2": {
        "1": 0.44635796546936035,
        "2": 0.9425961971282959,
        "3": 0.9402711391448975,
        "4": null,
        "qc1": {
            "4": [
                4,
                1,
                2,
                3
            ],
            "1": [
                1,
                4,
                2,
                3
            ],
            "3": [
                3,
                4,
                1,
                2
            ],
            "2": [
                2,
                4,
                3,
                1
            ]
        }
    },
    "Receptions Vote2": {
        "qc sender 1": {
            "1": 1.2761743068695068,
            "2": 1.268693208694458,
            "3": 1.2733969688415527,
            "4": null
        },
        "qc sender 2": {
            "1": 1.785719633102417,
            "2": 1.2807998657226562,
            "3": 1.7834486961364746,
            "4": null
        },
        "qc sender 3": {
            "1": 1.2772088050842285,
            "2": 1.2795681953430176,
            "3": 1.2772088050842285,
            "4": null
        },
        "qc sender 4": {
            "1": 1.668262243270874,
            "2": 1.6498126983642578,
            "3": 1.6599736213684082,
            "4": null
        }
    },
    "Receptions Elect": {
        "1": 1.690568447113037,
        "2": 2.085247755050659,
        "3": 2.088038206100464,
        "4": null
    },
    "Receptions Leader": {
        "1": null,
        "2": null,
        "3": null,
        "4": null,
        "id leader": 0
    },
    "Commit": "Block du node : 4"
}