{
    "Receptions Block1": {
        "1": 0.029109477996826172,
        "2": null,
        "3": 0.05068802833557129,
        "4": 0.06468939781188965
    },
    "Receptions Vote1": {
        "block 1": {
            "1": null,
            "2": null,
            "3": 0.03808236122131348,
            "4": 0.044098615646362305
        },
        "block 2": {
            "1": 0.04189586639404297,
            "2": null,
            "3": 0.0462799072265625,
            "4": 0.062409162521362305
        },
        "block 3": {
            "1": 0.06341266632080078,
            "2": null,
            "3": null,
            "4": 0.08305025100708008
        },
        "block 4": {
            "1": 0.0809483528137207,
            "2": null,
            "3": 0.09411430358886719,
            "4": null
        }
    },
    "Receptions Block2": {
        "1": 0.07853221893310547,
        "2": null,
        "3": 0.09036135673522949,
        "4": 0.10919594764709473,
        "qc1": {
            "2": [
                2,
                1,
                3,
                4
            ],
            "1": [
                2,
                3,
                4
            ],
            "3": [
                2,
                1,
                4
            ],
            "4": [
                2,
                1,
                3
            ]
        }
    },
    "Receptions Vote2": {
        "qc sender 1": {
            "1": null,
            "2": null,
            "3": 0.06905364990234375,
            "4": 0.07643461227416992
        },
        "qc sender 2": {
            "1": 0.07498645782470703,
            "2": null,
            "3": 0.07259726524353027,
            "4": 0.08198142051696777
        },
        "qc sender 3": {
            "1": 0.09561777114868164,
            "2": null,
            "3": null,
            "4": 0.10546731948852539
        },
        "qc sender 4": {
            "1": 0.10807657241821289,
            "2": null,
            "3": 0.1198420524597168,
            "4": null
        }
    },
    "Receptions Elect": {
        "1": 0.10919594764709473,
        "2": null,
        "3": 0.11746072769165039,
        "4": 0.11496400833129883
    },
    "Receptions Leader": {
        "1": 0.1198420524597168,
        "2": null,
        "3": 0.12779784202575684,
        "4": 0.12679457664489746,
        "id leader": 3
    },
    "Commit": [
        "OK"
    ]
}