{
    "Receptions Block1": {
        "1": 0.01405954360961914,
        "2": null,
        "3": 0.030902862548828125,
        "4": 0.048239946365356445
    },
    "Receptions Vote1": {
        "block 1": {
            "1": null,
            "2": null,
            "3": 0.02404499053955078,
            "4": 0.0279233455657959
        },
        "block 2": {
            "1": 0.03307390213012695,
            "2": null,
            "3": 0.05091714859008789,
            "4": 0.038177490234375
        },
        "block 3": {
            "1": 0.05545496940612793,
            "2": null,
            "3": null,
            "4": 0.06002306938171387
        },
        "block 4": {
            "1": 0.06237506866455078,
            "2": null,
            "3": 0.06608414649963379,
            "4": null
        }
    },
    "Receptions Block2": {
        "1": 0.05438065528869629,
        "2": null,
        "3": 0.07285189628601074,
        "4": 0.07784008979797363,
        "qc1": {
            "2": [
                2,
                1,
                4,
                3
            ],
            "1": [
                2,
                3,
                4
            ],
            "3": [
                2,
                1,
                4
            ],
            "4": [
                2,
                1,
                3
            ]
        }
    },
    "Receptions Vote2": {
        "qc sender 1": {
            "1": null,
            "2": null,
            "3": 0.06002306938171387,
            "4": 0.06466984748840332
        },
        "qc sender 2": {
            "1": 0.07074141502380371,
            "2": null,
            "3": 0.0762631893157959,
            "4": 0.06816315650939941
        },
        "qc sender 3": {
            "1": 0.0790102481842041,
            "2": null,
            "3": null,
            "4": 0.08179688453674316
        },
        "qc sender 4": {
            "1": 0.0790102481842041,
            "2": null,
            "3": 0.08336377143859863,
            "4": null
        }
    },
    "Receptions Elect": {
        "1": 0.08727717399597168,
        "2": null,
        "3": 0.08954167366027832,
        "4": 0.09067106246948242
    },
    "Receptions Leader": {
        "1": 0.09420490264892578,
        "2": null,
        "3": 0.10062813758850098,
        "4": 0.09876513481140137,
        "id leader": 4
    },
    "Commit": "Block1 du node : 4"
}