{
    "Receptions Block1": {
        "1": 0.43569040298461914,
        "2": 0.43956756591796875,
        "3": null,
        "4": 0.8335905075073242
    },
    "Receptions Vote1": {
        "block 1": {
            "1": 0.4330904483795166,
            "2": 0.8405213356018066,
            "3": null,
            "4": 1.268693208694458
        },
        "block 2": {
            "1": 0.8568215370178223,
            "2": 0.4385237693786621,
            "3": null,
            "4": 1.2649898529052734
        },
        "block 3": {
            "1": 0.8578321933746338,
            "2": 0.854712963104248,
            "3": null,
            "4": 1.2761743068695068
        },
        "block 4": {
            "1": 1.237276554107666,
            "2": 1.2505028247833252,
            "3": null,
            "4": 0.8306694030761719
        }
    },
    "Receptions Block2": {
        "1": 0.4432380199432373,
        "2": 0.4432380199432373,
        "3": null,
        "4": 0.8355982303619385,
        "qc1": {
            "3": [
                3,
                2,
                1,
                4
            ],
            "1": [
                1,
                3,
                2,
                4
            ],
            "2": [
                2,
                3,
                1,
                4
            ],
            "4": [
                4,
                3,
                1,
                2
            ]
        }
    },
    "Receptions Vote2": {
        "qc sender 1": {
            "1": 1.2807998657226562,
            "2": 1.278534173965454,
            "3": null,
            "4": 1.6668832302093506
        },
        "qc sender 2": {
            "1": 1.7834486961364746,
            "2": 1.2831201553344727,
            "3": null,
            "4": 1.7561304569244385
        },
        "qc sender 3": {
            "1": 1.2818241119384766,
            "2": 1.2818241119384766,
            "3": null,
            "4": 1.7530207633972168
        },
        "qc sender 4": {
            "1": 1.668262243270874,
            "2": 1.6477253437042236,
            "3": null,
            "4": null
        }
    },
    "Receptions Elect": {
        "1": 1.6877670288085938,
        "2": 2.081796169281006,
        "3": null,
        "4": null
    },
    "Receptions Leader": {
        "1": null,
        "2": null,
        "3": null,
        "4": null,
        "id leader": 0
    },
    "Commit": "Block du node : 4"
}