{
    "Receptions Block1": {
        "1": 0.029109477996826172,
        "2": 0.03444385528564453,
        "3": null,
        "4": 0.07853221893310547
    },
    "Receptions Vote1": {
        "block 1": {
            "1": null,
            "2": 0.036864280700683594,
            "3": null,
            "4": 0.04735612869262695
        },
        "block 2": {
            "1": 0.04516959190368652,
            "2": null,
            "3": null,
            "4": 0.06005382537841797
        },
        "block 3": {
            "1": 0.06468939781188965,
            "2": 0.06905364990234375,
            "3": null,
            "4": 0.10919594764709473
        },
        "block 4": {
            "1": 0.09770536422729492,
            "2": 0.09279680252075195,
            "3": null,
            "4": null
        }
    },
    "Receptions Block2": {
        "1": 0.09036135673522949,
        "2": 0.10546731948852539,
        "3": null,
        "4": 0.11608147621154785,
        "qc1": {
            "3": [
                3,
                1,
                2,
                4
            ],
            "1": [
                3,
                2,
                4
            ],
            "2": [
                2,
                1,
                3,
                4
            ],
            "4": [
                3,
                2,
                1
            ]
        }
    },
    "Receptions Vote2": {
        "qc sender 1": {
            "1": null,
            "2": 0.08592534065246582,
            "3": null,
            "4": 0.08809542655944824
        },
        "qc sender 2": {
            "1": 0.08305025100708008,
            "2": null,
            "3": null,
            "4": 0.09561777114868164
        },
        "qc sender 3": {
            "1": 0.10807657241821289,
            "2": 0.11169981956481934,
            "3": null,
            "4": 0.11746072769165039
        },
        "qc sender 4": {
            "1": 0.11496400833129883,
            "2": 0.11746072769165039,
            "3": null,
            "4": null
        }
    },
    "Receptions Elect": {
        "1": 0.1198420524597168,
        "2": 0.1198420524597168,
        "3": null,
        "4": 0.1198420524597168
    },
    "Receptions Leader": {
        "1": 0.12444353103637695,
        "2": 0.12566709518432617,
        "3": null,
        "4": 0.12679457664489746,
        "id leader": 3
    },
    "Commit": [
        "OK"
    ]
}