{
    "Receptions Block1": {
        "1": null,
        "2": 0.03325915336608887,
        "3": 0.04735612869262695,
        "4": 0.061368465423583984
    },
    "Receptions Vote1": {
        "block 1": {
            "1": null,
            "2": 0.036864280700683594,
            "3": 0.039582014083862305,
            "4": 0.04189586639404297
        },
        "block 2": {
            "1": null,
            "2": null,
            "3": 0.0462799072265625,
            "4": 0.051190853118896484
        },
        "block 3": {
            "1": null,
            "2": 0.06005382537841797,
            "3": null,
            "4": 0.07382893562316895
        },
        "block 4": {
            "1": null,
            "2": 0.0809483528137207,
            "3": 0.08809542655944824,
            "4": null
        }
    },
    "Receptions Block2": {
        "1": null,
        "2": 0.08420372009277344,
        "3": 0.09036135673522949,
        "4": 0.10546731948852539,
        "qc1": {
            "1": [
                1,
                2,
                3,
                4
            ],
            "2": [
                1,
                3,
                4
            ],
            "3": [
                1,
                2,
                4
            ],
            "4": [
                1,
                2,
                3
            ]
        }
    },
    "Receptions Vote2": {
        "qc sender 1": {
            "1": null,
            "2": 0.07259726524353027,
            "3": 0.06468939781188965,
            "4": 0.06789016723632812
        },
        "qc sender 2": {
            "1": null,
            "2": null,
            "3": 0.06905364990234375,
            "4": 0.07853221893310547
        },
        "qc sender 3": {
            "1": null,
            "2": 0.09770536422729492,
            "3": null,
            "4": 0.09770536422729492
        },
        "qc sender 4": {
            "1": null,
            "2": 0.10807657241821289,
            "3": 0.11746072769165039,
            "4": null
        }
    },
    "Receptions Elect": {
        "1": null,
        "2": 0.11169981956481934,
        "3": 0.11608147621154785,
        "4": 0.10919594764709473
    },
    "Receptions Leader": {
        "1": null,
        "2": 0.1198420524597168,
        "3": 0.12679457664489746,
        "4": 0.12566709518432617,
        "id leader": 3
    },
    "Commit": [
        "OK"
    ]
}