{
    "Receptions Block1": {
        "1": 0.016871929168701172,
        "2": 0.021657466888427734,
        "3": 0.03410458564758301,
        "4": null
    },
    "Receptions Vote1": {
        "block 1": {
            "1": null,
            "2": 0.025387048721313477,
            "3": 0.030902862548828125,
            "4": null
        },
        "block 2": {
            "1": 0.03683733940124512,
            "2": null,
            "3": 0.04612565040588379,
            "4": null
        },
        "block 3": {
            "1": 0.05761909484863281,
            "2": 0.048239946365356445,
            "3": null,
            "4": null
        },
        "block 4": {
            "1": 0.06002306938171387,
            "2": 0.06237506866455078,
            "3": 0.06466984748840332,
            "4": null
        }
    },
    "Receptions Block2": {
        "1": 0.04941415786743164,
        "2": 0.05438065528869629,
        "3": 0.07074141502380371,
        "4": null,
        "qc1": {
            "4": [
                4,
                1,
                2,
                3
            ],
            "1": [
                4,
                2,
                3
            ],
            "2": [
                4,
                1,
                3
            ],
            "3": [
                4,
                2,
                1
            ]
        }
    },
    "Receptions Vote2": {
        "qc sender 1": {
            "1": null,
            "2": 0.06816315650939941,
            "3": 0.05091714859008789,
            "4": null
        },
        "qc sender 2": {
            "1": 0.07285189628601074,
            "2": null,
            "3": 0.07394981384277344,
            "4": null
        },
        "qc sender 3": {
            "1": 0.07784008979797363,
            "2": 0.08446621894836426,
            "3": null,
            "4": null
        },
        "qc sender 4": {
            "1": 0.08336377143859863,
            "2": 0.08852982521057129,
            "3": 0.08179688453674316,
            "4": null
        }
    },
    "Receptions Elect": {
        "1": 0.09168648719787598,
        "2": 0.09218907356262207,
        "3": 0.09067106246948242,
        "4": null
    },
    "Receptions Leader": {
        "1": 0.09876513481140137,
        "2": 0.09656238555908203,
        "3": 0.10164141654968262,
        "4": null,
        "id leader": 4
    },
    "Commit": "Block1 du node : 4"
}